id,name,sex,religion,job,generation,type,founding member,membership,different organisation,entry,resignation,year of resignation,symbolic death ,education,upbringing,place,year,category,motivation
ab,Andreas Baader,1,1,4,1,1,1,1,NA,1970,3,NA,1977,3,2,NA,NA,NA,NA
ge,Gudrun Ensslin,2,2,2,1,1,1,1,NA,1970,3,NA,1977,4,1,NA,NA,NA,NA
um,Ulrike Meinhof,2,2,1,1,1,1,1,NA,1970,3,NA,1977,5,2,NA,NA,NA,NA
bm,Brigitte Mohnhaupt,2,NA,1,3,1,2,1,NA,1971,2,NA,NA,4,2,NA,NA,NA,NA
ph,Peter Homann,1,NA,1,1,1,1,1,NA,1970,1,1971,NA,4,NA,NA,NA,NA,NA
ba,Brigitte Asdonk,2,1,4,1,1,1,1,NA,1970,2,NA,NA,4,1,NA,NA,NA,NA
im,Irmgard Möller,2,NA,5,1,1,2,1,NA,1971,2,NA,NA,4,NA,NA,NA,NA,NA
is,Ingrid Schubert,2,NA,5,1,1,1,1,NA,1970,3,NA,1977,4,NA,NA,NA,NA,NA
ps,Petra Schelm ,2,NA,4,1,1,2,1,2,1970,3,NA,1971,3,NA,NA,NA,NA,NA
ap,NA,2,NA,1,1,1,1,1,NA,1970,NA,NA,NA,NA,NA,NA,NA,NA,NA
hm,Holger Meins,1,NA,5,1,1,2,1,NA,1970,3,NA,1974,4,NA,NA,NA,NA,NA
ra,Ronald Augustin ,1,NA,4,1,1,2,1,NA,1971,1,1971,NA,3,NA,NA,NA,NA,NA
ib,bw,2,NA,4,1,1,2,1,NA,1971,NA,1972,NA,NA,NA,NA,NA,NA,NA
mb,Monika Berberich,2,NA,3,1,1,1,1,NA,1970,1,NA,NA,4,NA,NA,NA,NA,NA
ig,Irene Georgens,2,NA,NA,1,1,1,1,NA,1970,1,NA,NA,NA,NA,NA,NA,NA,NA
wg,Wolfgang Grundmann,1,NA,NA,1,1,2,1,NA,1970,1,NA,NA,NA,NA,NA,NA,NA,NA
eg,Eric Grusdat,1,NA,4,1,1,2,1,NA,1970,1,1973,NA,NA,NA,NA,NA,NA,NA
km,Katharina Hammerschmidt,2,NA,NA,1,1,2,1,NA,1970,1,1975,NA,NA,NA,NA,NA,NA,NA
al,Angela Luther,2,NA,NA,1,1,2,1,NA,1971,3,NA,1972,NA,NA,NA,NA,NA,NA
hom,Horst Mahler,1,NA,3,1,1,1,1,2,1970,1,1974,NA,4,2,NA,NA,NA,NA
gm,Gerhard Müller,1,NA,4,1,1,2,1,NA,1971,1,1974,NA,NA,NA,NA,NA,NA,NA
mg,Manfred Grashof,1,NA,4,1,1,2,1,NA,1970,1,NA,NA,NA,NA,NA,NA,NA,NA
vb,Verena Becker,2,NA,NA,1,1,2,1,4,1975,NA,NA,NA,NA,NA,NA,NA,NA,NA
lt,Lutz Taufer,1,NA,NA,1,1,2,1,NA,1971,NA,NA,NA,NA,NA,NA,NA,NA,NA
mh,Marianne Herzog,2,NA,5,1,1,2,1,NA,1970,1,1971,NA,4,NA,NA,NA,NA,NA
kj,Klaus Jünschke,1,NA,5,1,1,2,1,NA,1971,1,1986,NA,4,NA,NA,NA,NA,NA
jcr,Jan-Carl Raspe,1,NA,5,1,1,1,1,NA,1970,3,NA,1977,4,NA,NA,NA,NA,NA
pjb,Peter-Jürgen Boock,1,NA,4,3,1,2,1,NA,1974,1,1981,NA,3,NA,NA,NA,NA,NA
rh,Rolf Heißler,1,NA,5,1,1,2,1,NA,1971,NA,NA,NA,4,NA,NA,NA,NA,NA
khr,Karl-Heinz Ruhland,1,NA,4,1,1,2,1,NA,1970,1,NA,NA,NA,NA,NA,NA,NA,NA
wh,Werner Hoppe,1,NA,5,1,1,2,1,NA,1970,1,1978,NA,NA,NA,NA,NA,NA,NA
hb,Hans-Jürgen Bäcker,1,NA,4,1,1,2,1,NA,1970,NA,NA,NA,4,NA,NA,NA,NA,NA
ms,Margrit Schiller,2,NA,5,1,1,2,1,1,1970,NA,NA,NA,4,NA,NA,NA,NA,NA
wab,Waltraud Book,1,NA,NA,1,1,2,1,NA,1973,NA,NA,NA,NA,NA,NA,NA,NA,NA
tw,Thorward Proll,1,NA,5,1,1,2,1,NA,1970,1,1970,NA,5,NA,NA,NA,NA,NA
hs,Horst Söhnlein,1,NA,4,1,1,2,1,NA,1970,1,1970,NA,2,NA,NA,NA,NA,NA
rw,Renate Wolff,2,NA,NA,1,1,2,1,NA,NA,NA,NA,NA,NA,NA,NA,NA,NA,NA
cr,Carmen Roll,2,NA,5,1,1,2,1,1,1972,NA,NA,NA,NA,NA,NA,NA,NA,NA
thw,Thomas Weisbecker,1,NA,NA,NA,1,2,2,4,NA,NA,NA,NA,4,2,NA,NA,NA,NA
ce,Christa Eckes,2,NA,NA,1,1,2,1,NA,1974,NA,NA,NA,NA,NA,NA,NA,NA,NA
ist,Ilse Stachiowak,2,NA,NA,1,1,2,1,NA,1970,NA,NA,NA,NA,NA,NA,NA,NA,NA
sd,Sigurd Debus,1,NA,4,1,1,2,1,NA,NA,3,NA,1981,NA,NA,NA,NA,NA,NA
chk,Christine Kuby,2,NA,NA,1,1,2,1,NA,1977,NA,NA,NA,NA,1,NA,NA,NA,NA
khd,Karl-Heinz Dellwo,1,NA,4,1,1,2,1,NA,1973,1,NA,NA,NA,NA,NA,NA,NA,NA
hp,Helmut Pohl,1,NA,1,1,1,2,1,NA,1973,NA,NA,NA,4,NA,NA,NA,NA,NA
hpk,Hans-Peter Konieczny,1,NA,4,1,1,2,1,NA,1972,1,1972,NA,3,NA,NA,NA,NA,NA
pu,Peter Urbach,1,NA,4,99,1,2,2,NA,99,99,1971,NA,NA,NA,NA,NA,NA,NA
wb,Wolfgang Beer,1,NA,NA,1,1,2,1,NA,1973,3,1980,NA,NA,NA,NA,NA,NA,NA
us,Ulrich Scholze,1,NA,5,1,1,2,1,NA,1970,1,1970,NA,NA,NA,NA,NA,NA,NA
hj,Heinrich Jansen,1,NA,4,1,1,2,1,NA,1970,NA,NA,NA,NA,NA,NA,NA,NA,NA
isp,Ingrid Siepmann,2,2,4,1,1,2,1,3,1972,3,NA,1982,3,NA,NA,NA,NA,NA
esh,Eva Sybille Haule,2,NA,NA,2,1,2,1,4,1979,NA,NA,NA,4,NA,NA,NA,NA,NA
sis,Sigrid Sternebeck,1,NA,4,2,1,2,1,NA,1977,NA,NA,NA,3,NA,NA,NA,NA,NA
vsp,Volker Speitel,1,NA,4,2,1,2,1,NA,1974,1,1977,NA,3,NA,NA,NA,NA,NA
asp,Angelika Speitel,2,NA,3,2,1,2,1,NA,1977,NA,NA,NA,3,NA,NA,NA,NA,NA
gs,Gerd Schneider,1,NA,5,2,1,2,1,NA,1977,1,1983,NA,5,NA,NA,NA,NA,NA
mk,Michael Knoll,1,NA,NA,2,1,2,1,NA,NA,NA,NA,NA,NA,NA,NA,NA,NA,NA
gs,Günter Sonnenberg,1,NA,NA,2,1,2,1,NA,1977,NA,NA,NA,NA,NA,NA,NA,NA,NA
sa,Susanne Albrecht,2,NA,5,2,1,2,1,NA,1976,NA,NA,NA,5,NA,NA,NA,NA,NA
sih ,Sieglinde Hofmann,2,1,4,2,1,2,1,1,1976,NA,NA,NA,3,NA,NA,NA,NA,NA
wps,Willy-Peter Stoll,1,NA,4,2,1,2,1,NA,1977,1,1977,NA,NA,NA,NA,NA,NA,NA
kf,Knut Folkerts,1,NA,NA,2,1,2,1,1,1977,NA,NA,NA,NA,NA,NA,NA,NA,NA
smw,Silke Maier-Witt,2,NA,4,2,1,2,1,NA,1977,1,1979,NA,5,NA,NA,NA,NA,NA
evd,Elisabeth von Dyck,2,2,4,2,1,2,1,1,1971,3,NA,1979,3,NA,NA,NA,NA,NA
hjd,Hans-Joachim Dellwo,1,NA,3,2,1,2,1,NA,1975,1,1977,NA,5,NA,NA,NA,NA,NA
moh,Monika Helbing,2,NA,4,2,1,2,1,NA,1974,1,1980,NA,3,NA,NA,NA,NA,NA
as,Adelheid Schulz,2,NA,NA,2,1,2,1,NA,1977,NA,NA,NA,NA,NA,NA,NA,NA,NA
sh,Siegfried Haag,1,NA,3,2,1,2,1,NA,1975,NA,NA,NA,4,NA,NA,NA,NA,NA
rm,Roland Mayer,1,NA,NA,2,1,2,1,NA,1975,NA,NA,NA,NA,NA,NA,NA,NA,NA
ck,Christian Klar,1,NA,NA,2,1,2,1,NA,1976,NA,NA,NA,4,NA,NA,NA,NA,NA
uw,Ulrich Wessel,1,NA,NA,2,1,2,1,NA,1975,3,NA,1975,NA,NA,NA,NA,NA,NA
sih,Siegfried Hausner,1,NA,NA,2,1,2,1,1,1974,3,NA,1975,NA,NA,NA,NA,NA,NA
brf,Baptist Ralf Friedrich,1,NA,4,2,1,2,1,NA,1977,1,1979,NA,4,NA,NA,NA,NA,NA
rcw,Rolf Clemens Wagner,1,NA,4,2,1,2,1,NA,1977,NA,NA,NA,4,NA,NA,NA,NA,NA
sw,Stefan Wisniewski,1,NA,4,2,1,2,1,NA,1973,NA,NA,NA,3,NA,NA,NA,NA,NA
wl,Werner Lotze,1,NA,NA,2,1,2,1,NA,1976,1,1980,NA,NA,NA,NA,NA,NA,NA
cd,Christine Dümlein,2,NA,NA,2,1,2,1,NA,1976,1,1980,NA,NA,NA,NA,NA,NA,NA
hk,Hans-Joachim Klein,1,NA,3,2,1,2,1,NA,1973,1,1977,NA,NA,NA,NA,NA,NA,NA
fk,Friederike Krabbe,2,NA,5,2,1,2,1,1,1977,NA,NA,NA,4,NA,NA,NA,NA,NA
hak,Hanna Krabbe,2,NA,5,2,1,2,1,NA,1972,NA,NA,NA,4,NA,NA,NA,NA,NA
cw,Christof Wackernagel ,1,NA,4,2,1,2,1,NA,1977,1,1983,NA,1,NA,NA,NA,NA,NA
jp,Juliane Plambeck,2,NA,NA,2,1,2,1,4,1975,3,NA,1980,NA,NA,NA,NA,NA,NA
iv,Inge Viett,2,NA,4,2,1,2,1,4,1980,1,1982,NA,NA,NA,NA,NA,NA,NA
bmr,Bernhard-Maria Rössner,2,NA,4,2,1,2,1,1,1975,2,NA,NA,3,NA,NA,NA,NA,NA
heb,Henning Beer,1,NA,NA,2,1,2,1,NA,1978,NA,NA,NA,NA,NA,NA,NA,NA,NA
rl,Rainer Langhans,1,NA,4,4,1,2,2,2,NA,NA,NA,NA,NA,NA,NA,NA,NA,NA
rp,Rolf Pohle,1,NA,3,4,1,2,2,3,1970,NA,NA,NA,5,NA,NA,NA,NA,NA
bs,Beate Sturm,2,NA,5,4,1,2,2,NA,1970,1,1971,NA,4,NA,NA,NA,NA,NA
os,Otto Schily,1,NA,3,4,1,2,2,NA,NA,NA,NA,NA,5,NA,NA,NA,NA,NA
kc,Klaus Croissant,1,NA,3,4,1,2,2,NA,1973,NA,NA,NA,5,NA,NA,NA,NA,NA
mkh,Monika Haas,2,NA,NA,4,1,2,2,NA,1975,NA,NA,NA,NA,NA,NA,NA,NA,NA
lr,Luise Rinser,2,NA,1,4,1,2,2,NA,NA,NA,NA,NA,NA,NA,NA,NA,NA,NA
eb,Eberhard Becker,1,NA,3,4,1,2,2,NA,NA,NA,NA,NA,5,NA,NA,NA,NA,NA
edg ,Edelgard G.,2,NA,NA,4,1,2,2,NA,1971,1,1971,NA,NA,NA,NA,NA,NA,NA
dwh,Dr. Wolfgang Huber,1,NA,4,4,1,2,2,1,1971,2,NA,NA,5,NA,NA,NA,NA,NA
dh,Dierk Hoff,1,NA,NA,4,1,2,2,NA,NA,1,1972,NA,NA,NA,NA,NA,NA,NA
bv,Bernward Vesper,1,NA,1,4,1,2,2,NA,NA,1,NA,NA,1,NA,NA,NA,NA,NA
bb,Bommi Baumann,1,NA,NA,4,1,2,2,2,NA,NA,NA,NA,NA,NA,NA,NA,NA,NA
arm ,Arndt Müller,1,NA,3,4,1,2,2,NA,1975,NA,NA,NA,5,NA,NA,NA,NA,NA
arn,Armin Newerla,1,NA,3,4,1,2,2,NA,NA,NA,NA,NA,5,NA,NA,NA,NA,NA
em,Eliane M.,2,NA,4,4,1,2,2,NA,1972,NA,NA,NA,5,NA,NA,NA,NA,NA
hcs,Hans-Christian Ströbele,1,NA,3,4,1,2,2,NA,NA,NA,NA,NA,5,2,NA,NA,NA,NA
kg,Kurt Groenewold,1,NA,3,4,1,2,2,NA,NA,NA,NA,NA,5,NA,NA,NA,NA,NA
zh,Zaki Helou,1,NA,NA,4,1,2,2,NA,NA,NA,NA,NA,NA,NA,NA,NA,NA,NA
wah,Wadi Haddad,1,3,4,4,1,2,2,NA,NA,NA,NA,NA,NA,NA,NA,NA,NA,NA
bw,Bernhard Wolff,1,NA,NA,4,1,2,2,NA,NA,NA,NA,NA,NA,NA,NA,NA,NA,NA
mis,Michael Schulte,1,NA,4,4,1,2,2,NA,NA,NA,NA,NA,NA,NA,NA,NA,NA,NA
gvr,Georg von Rauch,1,NA,5,4,1,2,2,3,NA,NA,NA,NA,4,NA,NA,NA,NA,NA
ft,Fritz Teufel,1,NA,4,4,1,2,2,2,NA,NA,NA,NA,NA,NA,NA,NA,NA,NA
kw,Klaus Wagenbach,1,NA,4,4,1,2,2,NA,NA,NA,NA,NA,3,NA,NA,NA,NA,NA
ssa,Souhaila Andrawes,2,1,5,4,1,2,2,NA,NA,NA,NA,NA,5,2,NA,NA,NA,NA
kbs,Kaufhaus-Brandstiftungen FFM 02./03.04.1968,NA,NA,NA,1,2,NA,NA,NA,NA,NA,NA,NA,NA,NA,1,1968,2,1
bef,Befreiung Andreas Baader 14.05.1970,NA,NA,NA,1,2,NA,NA,NA,NA,NA,NA,NA,NA,NA,1,1970,6,2
aij,Ausbildung in Jordanien 06.-08.1970,NA,NA,NA,1,2,NA,NA,NA,NA,NA,NA,NA,NA,NA,2,1970,7,1
dsb,Dreierschlag Berlin 19.07.1970,NA,NA,NA,1,2,NA,NA,NA,NA,NA,NA,NA,NA,NA,1,1970,3,3
brk,Banküberfälle Kassel 15.01.1971,NA,NA,NA,1,2,NA,NA,NA,NA,NA,NA,NA,NA,NA,1,1971,3,3
zkh,Verfolgungsaktion nach Zivilkontrolle Hamburg 22.10.1971,NA,NA,NA,1,2,NA,NA,NA,NA,NA,NA,NA,NA,NA,1,1971,7,2
bhw,Banküberfall auf Bayerische Hypotheken- und Wechselbank Kaiserslautern 22.12.1971,NA,NA,NA,1,2,NA,NA,NA,NA,NA,NA,NA,NA,NA,1,1971,3,3
pzm,Polizistenmord an Hans Eckardt in Hamburg am 04.03.1972,NA,NA,NA,1,2,NA,NA,NA,NA,NA,NA,NA,NA,NA,1,1972,1,1
bus,Bombenanschlag auf US-Quartier FFM 11.05.1972,NA,NA,NA,1,2,NA,NA,NA,NA,NA,NA,NA,NA,NA,1,1972,4,1
pda,Bombenanschlag auf Polizeidirektion Augsburg 12.05.1972,NA,NA,NA,1,2,NA,NA,NA,NA,NA,NA,NA,NA,NA,1,1972,4,1
lka,Bombenanschlag Parkplatz LKA München 12.05.1972,NA,NA,NA,1,2,NA,NA,NA,NA,NA,NA,NA,NA,NA,1,1972,4,1
bbb,Bombenanschlag auf Bundesrichter Buddenberg 15.05.1972,NA,NA,NA,1,2,NA,NA,NA,NA,NA,NA,NA,NA,NA,1,1972,4,1
ash,Bombenanschlag Axel-Springer-Haus Hamburg 19.05.1972,NA,NA,NA,1,2,NA,NA,NA,NA,NA,NA,NA,NA,NA,1,1972,4,1
uqh,Bombenanschlag auf US-Quartier Heidelberg 24.05.1972,NA,NA,NA,1,2,NA,NA,NA,NA,NA,NA,NA,NA,NA,1,1972,4,1
tij,Trainingscamp im Jemen 2. Generation,NA,NA,NA,2,2,NA,NA,NA,NA,NA,NA,NA,NA,NA,2,1975,7,1
gei,Geiselnahme von Stockholm 24.04.1975,NA,NA,NA,2,2,NA,NA,NA,NA,NA,NA,NA,NA,NA,2,1975,5,2
esb,Ermordung Siegfried Buback 07.04.1977,NA,NA,NA,2,2,NA,NA,NA,NA,NA,NA,NA,NA,NA,1,1977,1,1
wgf,Überfall Waffengeschäft FFM 01.07.1977,NA,NA,NA,2,2,NA,NA,NA,NA,NA,NA,NA,NA,NA,1,1977,3,3
ejp,Ermordung Jürgen Ponto 30.07.1977,NA,NA,NA,2,2,NA,NA,NA,NA,NA,NA,NA,NA,NA,1,1977,1,2
bak,Missglückter Anschlag auf Bundesanwaltschaft KA 25.08.1977,NA,NA,NA,2,2,NA,NA,NA,NA,NA,NA,NA,NA,NA,1,1972,4,1
ent,Entführung Hanns Martin-Schleyer 05.09.1977,NA,NA,NA,2,2,NA,NA,NA,NA,NA,NA,NA,NA,NA,1,1977,5,2
lhl,Entführung Lufthansa Maschine Landshut 13.10.1977,NA,NA,NA,2,2,NA,NA,NA,NA,NA,NA,NA,NA,NA,2,1977,5,2
tns,Todesnacht von Stammheim 18.10.1977,NA,NA,NA,3,2,NA,NA,NA,NA,NA,NA,NA,NA,NA,1,1977,7,2
tib,Trainingscamp in Bagdad 1977,NA,NA,NA,2,2,NA,NA,NA,NA,NA,NA,NA,NA,NA,2,1977,7,1
bgd,Banküberfall auf die Bank für Gemeinwirtschaft in Darmstadt 19.03.1979,NA,NA,NA,2,2,NA,NA,NA,NA,NA,NA,NA,NA,NA,1,1979,3,3
sbn,Überfall auf die Schmidt-Bank in Nürnberg 17.04.1979,NA,NA,NA,2,2,NA,NA,NA,NA,NA,NA,NA,NA,NA,1,1979,3,3
ugh,Anschlag auf US-General Haig 25.06.1979,NA,NA,NA,2,2,NA,NA,NA,NA,NA,NA,NA,NA,NA,1,1979,4,1
svz,Überfall Schweizer Volksbank Zürich 19.11.1979,NA,NA,NA,2,2,NA,NA,NA,NA,NA,NA,NA,NA,NA,2,1979,3,3
uqr,Bombenanschlag auf US-Quartier Ramstein 31.08.1981,NA,NA,NA,2,2,NA,NA,NA,NA,NA,NA,NA,NA,NA,1,1981,4,1
ugj,Anschlag auf US-General Jameson 15.09.1981,NA,NA,NA,2,2,NA,NA,NA,NA,NA,NA,NA,NA,NA,1,1981,4,1
ugk,Anschlag auf US-General Frederick James Kroesen 1981,NA,NA,NA,2,2,NA,NA,NA,NA,NA,NA,NA,NA,NA,1,1981,1,1
